홍길동,25,서울시 강남구,010-1234-5678
김철수,32,부산시 해운대구,010-9876-5432
이영희,42,대구시 중구,010-5555-5555
박미영,19,인천시 남동구,010-1111-2222
정수민,28,대전시 서구,010-8765-4321
신재호,38,울산시 남구,010-3333-3333
강지원,27,광주시 서구,010-7777-7777
최영호,56,대구시 달서구,010-4444-4444
이지은,22,인천시 서구,010-8888-8888
김승훈,30,울산시 중구,010-9999-9999
박수진,49,광주시 동구,010-1234-4321
이예진,35,대전시 유성구,010-9876-5432
김상우,24,서울시 강북구,010-5555-5555
박민지,29,부산시 동래구,010-1111-2222
장지원,39,대구시 수성구,010-8765-4321
송지우,21,서울시 송파구,010-3333-3333
김민석,26,부산시 부산진구,010-7777-7777
조은지,33,대전시 중구,010-4444-4444
윤승현,31,인천시 남구,010-8888-8888
박미소,40,울산시 동구,010-9999-9999
이동현,23,광주시 북구,010-1234-4321
정영희,36,대전시 대덕구,010-9876-5432
김지영,45,서울시 중구,010-5555-5555
송영호,20,부산시 서구,010-1111-2222
박성민,27,대구시 동구,010-8765-4321
윤예지,34,인천시 중구,010-3333-3333
김정호,28,광주시 남구,010-7777-7777
최지민,37,대구시 달서구,010-4444-4444
이민준,22,서울시 종로구,010-8888-8888